123CA_JohnDoe,John,Doe,JohnDoe@example.com,1985-05-10
234TX_AliceSmith,Alice,Smith,AliceSmith@example.com,1992-08-15
345NY_MichaelJohnson,Michael,Johnson,MichaelJohnson@example.com,1988-02-25
456CA_SarahWilliams,Sarah,Williams,SarahWilliams@example.com,1995-11-30
567TX_RobertBrown,Robert,Brown,RobertBrown@example.com,1991-07-05
678NY_EmilyDavis,Emily,Davis,EmilyDavis@example.com,1994-04-20
789CA_DavidTaylor,David,Taylor,DavidTaylor@example.com,1987-09-12
890TX_SophiaAnderson,Sophia,Anderson,SophiaAnderson@example.com,1993-06-28
901NY_MatthewThomas,Matthew,Thomas,MatthewThomas@example.com,1989-03-03
112CA_OliviaLee,Olivia,Lee,OliviaLee@example.com,1996-12-18
223TX_AlexanderHarris,Alexander,Harris,AlexanderHarris@example.com,1992-08-15
334NY_SamanthaClark,Samantha,Clark,SamanthaClark@example.com,1988-02-25
445CA_NathanWalker,Nathan,Walker,NathanWalker@example.com,1995-11-30
556TX_EllaLewis,Ella,Lewis,EllaLewis@example.com,1991-07-05
667NY_DanielYoung,Daniel,Young,DanielYoung@example.com,1994-04-20
778CA_AvaKing,Ava,King,AvaKing@example.com,1987-09-12
889TX_BenjaminWright,Benjamin,Wright,BenjaminWright@example.com,1993-06-28
990NY_HannahAllen,Hannah,Allen,HannahAllen@example.com,1989-03-03
101CA_LiamTurner,Liam,Turner,LiamTurner@example.com,1996-12-18
212TX_ChloeScott,Chloe,Scott,ChloeScott@example.com,1992-08-15
211TX_ElijahHall,Elijah,Hall,ElijahHall@example.com,1993-09-18
322NY_OliverWright,Oliver,Wright,OliverWright@example.com,1990-04-27
433CA_EmmaWalker,Emma,Walker,EmmaWalker@example.com,1996-11-06
544TX_LiamYoung,Liam,Young,LiamYoung@example.com,1989-07-13
655NY_SophiaMiller,Sophia,Miller,SophiaMiller@example.com,1997-02-24
766CA_AvaClark,Ava,Clark,AvaClark@example.com,1994-05-03
877TX_NoahHarris,Noah,Harris,NoahHarris@example.com,1991-10-12
988NY_IsabellaAnderson,Isabella,Anderson,IsabellaAnderson@example.com,1998-03-21
109CA_OliverThomas,Oliver,Thomas,OliverThomas@example.com,1995-06-30
211TX_EmmaJackson,Emma,Jackson,EmmaJackson@example.com,1992-12-09
322NY_LiamWhite,Liam,White,LiamWhite@example.com,1999-01-18
433CA_SophiaDavis,Sophia,Davis,SophiaDavis@example.com,1987-04-27
544TX_AidenMoore,Aiden,Moore,AidenMoore@example.com,1994-09-05
655NY_AvaWilson,Ava,Wilson,AvaWilson@example.com,1991-02-14
766CA_NoahTaylor,Noah,Taylor,NoahTaylor@example.com,1998-07-23
877TX_EmmaLewis,Emma,Lewis,EmmaLewis@example.com,1995-12-02
988NY_LiamHill,Liam,Hill,LiamHill@example.com,1992-05-11
109CA_SophiaRoberts,Sophia,Roberts,SophiaRoberts@example.com,1989-10-20
211TX_NoahAnderson,Noah,Anderson,NoahAnderson@example.com,1996-03-31
322NY_OliviaWard,Olivia,Ward,OliviaWard@example.com,1993-08-09
433CA_LiamMoore,Liam,Moore,LiamMoore@example.com,1990-01-18
544TX_EmmaBrown,Emma,Brown,EmmaBrown@example.com,1997-06-27
655NY_OliverHall,Oliver,Hall,OliverHall@example.com,1994-11-06
766CA_SophiaWright,Sophia,Wright,SophiaWright@example.com,1991-04-15
877TX_LiamMiller,Liam,Miller,LiamMiller@example.com,1998-09-24
988NY_OliviaWilson,Olivia,Wilson,OliviaWilson@example.com,1995-02-03
109CA_EthanLee,Ethan,Lee,EthanLee@example.com,1992-07-13
211TX_SophiaTaylor,Sophia,Taylor,SophiaTaylor@example.com,1989-12-22
322NY_LiamClark,Liam,Clark,LiamClark@example.com,1996-05-01
433CA_EmmaJones,Emma,Jones,EmmaJones@example.com,1993-10-10
544TX_NoahBrown,Noah,Brown,NoahBrown@example.com,1990-03-20
211TX_LucasMartin,Lucas,Martin,LucasMartin@example.com,1994-09-28
322NY_AriaThompson,Aria,Thompson,AriaThompson@example.com,1991-02-07
433CA_LiamHall,Liam,Hall,LiamHall@example.com,1998-07-16
544TX_ScarlettAdams,Scarlett,Adams,ScarlettAdams@example.com,1995-10-25
655NY_EthanCarter,Ethan,Carter,EthanCarter@example.com,1992-03-06
766CA_AmeliaHoward,Amelia,Howard,AmeliaHoward@example.com,1989-06-15
877TX_OliverGreen,Oliver,Green,OliverGreen@example.com,1996-09-24
988NY_EllaCook,Ella,Cook,EllaCook@example.com,1993-12-03
109CA_HenryJames,Henry,James,HenryJames@example.com,1990-05-12
211TX_ScarlettYoung,Scarlett,Young,ScarlettYoung@example.com,1997-08-21
322NY_AidenMorris,Aiden,Morris,AidenMorris@example.com,1994-11-30
433CA_HarperBell,Harper,Bell,HarperBell@example.com,1991-04-10
544TX_WilliamHarris,William,Harris,WilliamHarris@example.com,1998-07-19
655NY_MiaCooper,Mia,Cooper,MiaCooper@example.com,1995-10-28
766CA_ElijahReed,Elijah,Reed,ElijahReed@example.com,1992-03-09
877TX_OliviaBrooks,Olivia,Brooks,OliviaBrooks@example.com,1989-06-18
988NY_BenjaminGray,Benjamin,Gray,BenjaminGray@example.com,1996-09-27
109CA_HarperBennett,Harper,Bennett,HarperBennett@example.com,1993-12-06
211TX_OliverRivera,Oliver,Rivera,OliverRivera@example.com,1990-05-15
322NY_ScarlettTurner,Scarlett,Turner,ScarlettTurner@example.com,1997-08-24
433CA_HenryBrown,Henry,Brown,HenryBrown@example.com,1994-11-03
544TX_MiaRoss,Mia,Ross,MiaRoss@example.com,1991-02-12
655NY_EllaSanders,Ella,Sanders,EllaSanders@example.com,1998-07-21
766CA_AidenParker,Aiden,Parker,AidenParker@example.com,1995-10-30
877TX_HarperCollins,Harper,Collins,HarperCollins@example.com,1992-03-11
988NY_LucasBaker,Lucas,Baker,LucasBaker@example.com,1989-06-20
109CA_OliviaReed,Olivia,Reed,OliviaReed@example.com,1996-09-29
211TX_HenryWoodward,Henry,Woodward,HenryWoodward@example.com,1993-12-09
322NY_AmeliaCooper,Amelia,Cooper,AmeliaCooper@example.com,1990-05-18
544TX_NoahHill,Noah,Hill,NoahHill@example.com,1997-08-27
655NY_SophiaBaker,Sophia,Baker,SophiaBaker@example.com,1994-11-05
766CA_LiamMorris,Liam,Morris,LiamMorris@example.com,1991-04-14
877TX_AvaCarter,Ava,Carter,AvaCarter@example.com,1998-07-23
988NY_OliverBell,Oliver,Bell,OliverBell@example.com,1995-10-02
109CA_EmmaHarris,Emma,Harris,EmmaHarris@example.com,1992-03-13
211TX_HenryTurner,Henry,Turner,HenryTurner@example.com,1989-06-22
322NY_AriaWard,Aria,Ward,AriaWard@example.com,1996-09-30
433CA_LucasWoodward,Lucas,Woodward,LucasWoodward@example.com,1993-12-09
544TX_ScarlettHarris,Scarlett,Harris,ScarlettHarris@example.com,1990-05-18
655NY_OliverClark,Oliver,Clark,OliverClark@example.com,1997-08-27
766CA_MiaBaker,Mia,Baker,MiaBaker@example.com,1994-11-05
877TX_LiamMorris,Liam,Morris,LiamMorris@example.com,1991-04-14
988NY_AvaCarter,Ava,Carter,AvaCarter@example.com,1998-07-23
109CA_OliverBell,Oliver,Bell,OliverBell@example.com,1995-10-02
211TX_EllaHarris,Ella,Harris,EllaHarris@example.com,1992-03-13
322NY_HenryTurner,Henry,Turner,HenryTurner@example.com,1989-06-22
433CA_AriaWard,Aria,Ward,AriaWard@example.com,1996-09-30
544TX_LucasWoodward,Lucas,Woodward,LucasWoodward@example.com,1993-12-09
655NY_ScarlettHarris,Scarlett,Harris,ScarlettHarris@example.com,1990-05-18
766CA_OliverClark,Oliver,Clark,OliverClark@example.com,1997-08-27
877TX_MiaBaker,Mia,Baker,MiaBaker@example.com,1994-11-05
988NY_LiamMorris,Liam,Morris,LiamMorris@example.com,1991-04-14
109CA_AvaCarter,Ava,Carter,AvaCarter@example.com,1998-07-23
211TX_OliverBell,Oliver,Bell,OliverBell@example.com,1995-10-02
322NY_EllaHarris,Ella,Harris,EllaHarris@example.com,1992-03-13
433CA_HenryTurner,Henry,Turner,HenryTurner@example.com,1989-06-22
544TX_AriaWard,Aria,Ward,AriaWard@example.com,1996-09-30
655NY_LucasWoodward,Lucas,Woodward,LucasWoodward@example.com,1993-12-09
877TX_HenryClark,Henry,Clark,HenryClark@example.com,1990-05-18
988NY_AvaBaker,Ava,Baker,AvaBaker@example.com,1997-08-27
109CA_OliverMorris,Oliver,Morris,OliverMorris@example.com,1994-11-05
211TX_EllaHarris,Ella,Harris,EllaHarris@example.com,1991-04-14
322NY_LiamTurner,Liam,Turner,LiamTurner@example.com,1998-07-23
433CA_SophiaWoodward,Sophia,Woodward,SophiaWoodward@example.com,1995-10-02
544TX_OliverHarris,Oliver,Harris,OliverHarris@example.com,1992-03-13
655NY_AriaClark,Aria,Clark,AriaClark@example.com,1989-06-22
766CA_LucasMorris,Lucas,Morris,LucasMorris@example.com,1996-09-30
877TX_EllaWard,Ella,Ward,EllaWard@example.com,1993-12-09
988NY_LiamHarris,Liam,Harris,LiamHarris@example.com,1990-05-18
109CA_AvaClark,Ava,Clark,AvaClark@example.com,1997-08-27
211TX_OliverMorris,Oliver,Morris,OliverMorris@example.com,1994-11-05
322NY_SophiaTurner,Sophia,Turner,SophiaTurner@example.com,1991-04-14
433CA_HenryWoodward,Henry,Woodward,HenryWoodward@example.com,1998-07-23
544TX_AriaHarris,Aria,Harris,AriaHarris@example.com,1995-10-02
655NY_LucasClark,Lucas,Clark,LucasClark@example.com,1992-03-13
766CA_EllaMorris,Ella,Morris,EllaMorris@example.com,1989-06-22
877TX_LiamTurner,Liam,Turner,LiamTurner@example.com,1996-09-30
988NY_AvaWard,Ava,Ward,AvaWard@example.com,1993-12-09
109CA_OliverHarris,Oliver,Harris,OliverHarris@example.com,1990-05-18
211TX_SophiaMorris,Sophia,Morris,SophiaMorris@example.com,1997-08-27
322NY_HenryTurner,Henry,Turner,HenryTurner@example.com,1994-11-05
433CA_AriaWoodward,Aria,Woodward,AriaWoodward@example.com,1991-04-14
544TX_LucasHarris,Lucas,Harris,LucasHarris@example.com,1998-07-23
655NY_EllaClark,Ella,Clark,EllaClark@example.com,1995-10-02
766CA_LiamMorris,Liam,Morris,LiamMorris@example.com,1992-03-13
877TX_AvaTurner,Ava,Turner,AvaTurner@example.com,1989-06-22
988NY_OliverWoodward,Oliver,Woodward,OliverWoodward@example.com,1996-09-30
544TX_HenryTurner,Henry,Turner,HenryTurner@example.com,1993-12-09
655NY_AvaHarris,Ava,Harris,AvaHarris@example.com,1990-05-18
766CA_OliverClark,Oliver,Clark,OliverClark@example.com,1997-08-27
877TX_SophiaMorris,Sophia,Morris,SophiaMorris@example.com,1994-11-05
988NY_LucasWoodward,Lucas,Woodward,LucasWoodward@example.com,1991-04-14
109CA_EllaHarris,Ella,Harris,EllaHarris@example.com,1998-07-23
211TX_LiamTurner,Liam,Turner,LiamTurner@example.com,1995-10-02
322NY_AriaClark,Aria,Clark,AriaClark@example.com,1992-03-13
433CA_HenryMorris,Henry,Morris,HenryMorris@example.com,1989-06-22
544TX_AvaTurner,Ava,Turner,AvaTurner@example.com,1996-09-30
655NY_OliverHarris,Oliver,Harris,OliverHarris@example.com,1993-12-09
766CA_SophiaClark,Sophia,Clark,SophiaClark@example.com,1990-05-18
877TX_LucasMorris,Lucas,Morris,LucasMorris@example.com,1997-08-27
988NY_EllaWoodward,Ella,Woodward,EllaWoodward@example.com,1994-11-05
109CA_HenryHarris,Henry,Harris,HenryHarris@example.com,1991-04-14
211TX_AvaMorris,Ava,Morris,AvaMorris@example.com,1998-07-23
322NY_OliverTurner,Oliver,Turner,OliverTurner@example.com,1995-10-02
433CA_SophiaHarris,Sophia,Harris,SophiaHarris@example.com,1992-03-13
544TX_LucasClark,Lucas,Clark,LucasClark@example.com,1989-06-22
655NY_AriaMorris,Aria,Morris,AriaMorris@example.com,1996-09-30
766CA_HenryHarris,Henry,Harris,HenryHarris@example.com,1993-12-09
877TX_EllaTurner,Ella,Turner,EllaTurner@example.com,1990-05-18
988NY_LiamMorris,Liam,Morris,LiamMorris@example.com,1997-08-27
109CA_AvaClark,Ava,Clark,AvaClark@example.com,1994-11-05
211TX_OliverWoodward,Oliver,Woodward,OliverWoodward@example.com,1991-04-14
322NY_SophiaHarris,Sophia,Harris,SophiaHarris@example.com,1998-07-23
433CA_LucasMorris,Lucas,Morris,LucasMorris@example.com,1995-10-02
544TX_EllaTurner,Ella,Turner,EllaTurner@example.com,1992-03-13
655NY_HenryHarris,Henry,Harris,HenryHarris@example.com,1989-06-22
877TX_AriaMorris,Aria,Morris,AriaMorris@example.com,1996-09-30
988NY_HenryHarris,Henry,Harris,HenryHarris@example.com,1993-12-09
109CA_LucasTurner,Lucas,Turner,LucasTurner@example.com,1990-05-18
211TX_EllaClark,Ella,Clark,EllaClark@example.com,1997-08-27
322NY_SophiaMorris,Sophia,Morris,SophiaMorris@example.com,1994-11-05
433CA_LiamHarris,Liam,Harris,LiamHarris@example.com,1991-04-14
544TX_AvaWoodward,Ava,Woodward,AvaWoodward@example.com,1998-07-23
655NY_OliverMorris,Oliver,Morris,OliverMorris@example.com,1995-10-02
766CA_SophiaHarris,Sophia,Harris,SophiaHarris@example.com,1992-03-13
877TX_LucasTurner,Lucas,Turner,LucasTurner@example.com,1989-06-22
988NY_AriaHarris,Aria,Harris,AriaHarris@example.com,1996-09-30
109CA_HenryMorris,Henry,Morris,HenryMorris@example.com,1993-12-09
211TX_AvaTurner,Ava,Turner,AvaTurner@example.com,1990-05-18
322NY_OliverHarris,Oliver,Harris,OliverHarris@example.com,1997-08-27
433CA_SophiaMorris,Sophia,Morris,SophiaMorris@example.com,1994-11-05
544TX_LiamWoodward,Liam,Woodward,LiamWoodward@example.com,1991-04-14
655NY_AriaHarris,Aria,Harris,AriaHarris@example.com,1998-07-23
766CA_HenryTurner,Henry,Turner,HenryTurner@example.com,1995-10-02
877TX_EllaMorris,Ella,Morris,EllaMorris@example.com,1992-03-13
988NY_LucasHarris,Lucas,Harris,LucasHarris@example.com,1989-06-22
109CA_AvaTurner,Ava,Turner,AvaTurner@example.com,1996-09-30
211TX_OliverHarris,Oliver,Harris,OliverHarris@example.com,1993-12-09
322NY_SophiaMorris,Sophia,Morris,SophiaMorris@example.com,1990-05-18
433CA_LiamWoodward,Liam,Woodward,LiamWoodward@example.com,1997-08-27
544TX_AriaHarris,Aria,Harris,AriaHarris@example.com,1994-11-05
655NY_HenryTurner,Henry,Turner,HenryTurner@example.com,1991-04-14
766CA_EllaHarris,Ella,Harris,EllaHarris@example.com,1998-07-23
877TX_LucasMorris,Lucas,Morris,LucasMorris@example.com,1995-10-02
988NY_AvaHarris,Ava,Harris,AvaHarris@example.com,1992-03-13
109CA_SophiaTurner,Sophia,Turner,SophiaTurner@example.com,1989-06-22
211TX_LiamMorris,Liam,Morris,LiamMorris@example.com,1996-09-30
322NY_AriaHarris,Aria,Harris,AriaHarris@example.com,1993-12-09
433CA_HenryWoodward,Henry,Woodward,HenryWoodward@example.com,1990-05-18
544TX_SophiaMorris,Sophia,Morris,SophiaMorris@example.com,1997-08-27
655NY_LiamHarris,Liam,Harris,LiamHarris@example.com,1994-11-05
766CA_AvaWoodward,Ava,Woodward,AvaWoodward@example.com,1991-04-14
877TX_OliverMorris,Oliver,Morris,OliverMorris@example.com,1998-07-23
988NY_SophiaHarris,Sophia,Harris,SophiaHarris@example.com,1995-10-02
109CA_LucasWoodward,Lucas,Woodward,LucasWoodward@example.com,1992-03-13
211TX_AriaHarris,Aria,Harris,AriaHarris@example.com,1989-06-22
322NY_HenryTurner,Henry,Turner,HenryTurner@example.com,1996-09-30
433CA_SophiaMorris,Sophia,Morris,SophiaMorris@example.com,1993-12-09
544TX_LiamWoodward,Liam,Woodward,LiamWoodward@example.com,1990-05-18
655NY_AriaHarris,Aria,Harris,AriaHarris@example.com,1997-08-27
766CA_HenryTurner,Henry,Turner,HenryTurner@example.com,1994-11-05
877TX_EllaMorris,Ella,Morris,EllaMorris@example.com,1991-04-14
988NY_LucasHarris,Lucas,Harris,LucasHarris@example.com,1998-07-23
109CA_AvaTurner,Ava,Turner,AvaTurner@example.com,1995-10-02
211TX_OliverHarris,Oliver,Harris,OliverHarris@example.com,1992-03-13
322NY_SophiaMorris,Sophia,Morris,SophiaMorris@example.com,1989-06-22
433CA_LiamWoodward,Liam,Woodward,LiamWoodward@example.com,1996-09-30
544TX_AriaHarris,Aria,Harris,AriaHarris@example.com,1993-12-09
655NY_HenryTurner,Henry,Turner,HenryTurner@example.com,1990-05-18
766CA_EllaHarris,Ella,Harris,EllaHarris@example.com,1997-08-27
877TX_LucasMorris,Lucas,Morris,LucasMorris@example.com,1994-11-05
988NY_AvaHarris,Ava,Harris,AvaHarris@example.com,1991-04-14
109CA_SophiaTurner,Sophia,Turner,SophiaTurner@example.com,1998-07-23
322NY_AvaWoodward,Ava,Woodward,AvaWoodward@example.com,1995-10-02
433CA_LucasHarris,Lucas,Harris,LucasHarris@example.com,1992-03-13
544TX_SophiaMorris,Sophia,Morris,SophiaMorris@example.com,1989-06-22
655NY_HenryTurner,Henry,Turner,HenryTurner@example.com,1996-09-30
766CA_AriaHarris,Aria,Harris,AriaHarris@example.com,1993-12-09
877TX_HenryMorris,Henry,Morris,HenryMorris@example.com,1990-05-18
988NY_LiamWoodward,Liam,Woodward,LiamWoodward@example.com,1997-08-27
109CA_AvaHarris,Ava,Harris,AvaHarris@example.com,1994-11-05
211TX_SophiaTurner,Sophia,Turner,SophiaTurner@example.com,1991-04-14
322NY_LiamHarris,Liam,Harris,LiamHarris@example.com,1989-06-22
433CA_AriaWoodward,Aria,Woodward,AriaWoodward@example.com,1996-09-30
544TX_HenryMorris,Henry,Morris,HenryMorris@example.com,1993-12-09
655NY_SophiaHarris,Sophia,Harris,SophiaHarris@example.com,1990-05-18
766CA_LucasWoodward,Lucas,Woodward,LucasWoodward@example.com,1997-08-27
877TX_AvaHarris,Ava,Harris,AvaHarris@example.com,1994-11-05
988NY_LiamTurner,Liam,Turner,LiamTurner@example.com,1991-04-14
109CA_SophiaHarris,Sophia,Harris,SophiaHarris@example.com,1989-06-22
211TX_AriaTurner,Aria,Turner,AriaTurner@example.com,1996-09-30
322NY_HenryHarris,Henry,Harris,HenryHarris@example.com,1993-12-09
433CA_LucasWoodward,Lucas,Woodward,LucasWoodward@example.com,1990-05-18
544TX_SophiaMorris,Sophia,Morris,SophiaMorris@example.com,1997-08-27
655NY_HenryHarris,Henry,Harris,HenryHarris@example.com,1994-11-05
766CA_AvaWoodward,Ava,Woodward,AvaWoodward@example.com,1991-04-14
877TX_LiamHarris,Liam,Harris,LiamHarris@example.com,1989-06-22
988NY_SophiaTurner,Sophia,Turner,SophiaTurner@example.com,1996-09-30
544TX_LiamTurner,Liam,Turner,LiamTurner@example.com,1994-11-05
123CA_JohnDoe,John,Doe,JohnDoe@example.com,1985-05-10
234TX_AliceSmith,Alice,Smith,AliceSmith@example.com,1992-08-15
345NY_MichaelJohnson,Michael,Johnson,MichaelJohnson@example.com,1988-02-25
456CA_SarahWilliams,Sarah,Williams,SarahWilliams@example.com,1995-11-30
567TX_RobertBrown,Robert,Brown,RobertBrown@example.com,1991-07-05
678NY_EmilyDavis,Emily,Davis,EmilyDavis@example.com,1994-04-20
789CA_DavidTaylor,David,Taylor,DavidTaylor@example.com,1987-09-12
890TX_SophiaAnderson,Sophia,Anderson,SophiaAnderson@example.com,1993-06-28
901NY_MatthewThomas,Matthew,Thomas,MatthewThomas@example.com,1989-03-03
112CA_OliviaLee,Olivia,Lee,OliviaLee@example.com,1996-12-18
223TX_AlexanderHarris,Alexander,Harris,AlexanderHarris@example.com,1992-08-15
334NY_SamanthaClark,Samantha,Clark,SamanthaClark@example.com,1988-02-25
445CA_NathanWalker,Nathan,Walker,NathanWalker@example.com,1995-11-30
556TX_EllaLewis,Ella,Lewis,EllaLewis@example.com,1991-07-05
667NY_DanielYoung,Daniel,Young,DanielYoung@example.com,1994-04-20
778CA_AvaKing,Ava,King,AvaKing@example.com,1987-09-12
889TX_BenjaminWright,Benjamin,Wright,BenjaminWright@example.com,1993-06-28
990NY_HannahAllen,Hannah,Allen,HannahAllen@example.com,1989-03-03
101CA_LiamTurner,Liam,Turner,LiamTurner@example.com,1996-12-18
212TX_ChloeScott,Chloe,Scott,ChloeScott@example.com,1992-08-15
211TX_ElijahHall,Elijah,Hall,ElijahHall@example.com,1993-09-18
322NY_OliverWright,Oliver,Wright,OliverWright@example.com,1990-04-27
433CA_EmmaWalker,Emma,Walker,EmmaWalker@example.com,1996-11-06
544TX_LiamYoung,Liam,Young,LiamYoung@example.com,1989-07-13
655NY_SophiaMiller,Sophia,Miller,SophiaMiller@example.com,1997-02-24
766CA_AvaClark,Ava,Clark,AvaClark@example.com,1994-05-03
877TX_NoahHarris,Noah,Harris,NoahHarris@example.com,1991-10-12
988NY_IsabellaAnderson,Isabella,Anderson,IsabellaAnderson@example.com,1998-03-21
109CA_OliverThomas,Oliver,Thomas,OliverThomas@example.com,1995-06-30
211TX_EmmaJackson,Emma,Jackson,EmmaJackson@example.com,1992-12-09
322NY_LiamWhite,Liam,White,LiamWhite@example.com,1999-01-18
433CA_SophiaDavis,Sophia,Davis,SophiaDavis@example.com,1987-04-27
544TX_AidenMoore,Aiden,Moore,AidenMoore@example.com,1994-09-05
655NY_AvaWilson,Ava,Wilson,AvaWilson@example.com,1991-02-14
766CA_NoahTaylor,Noah,Taylor,NoahTaylor@example.com,1998-07-23
877TX_EmmaLewis,Emma,Lewis,EmmaLewis@example.com,1995-12-02
988NY_LiamHill,Liam,Hill,LiamHill@example.com,1992-05-11
109CA_SophiaRoberts,Sophia,Roberts,SophiaRoberts@example.com,1989-10-20
211TX_NoahAnderson,Noah,Anderson,NoahAnderson@example.com,1996-03-31
322NY_OliviaWard,Olivia,Ward,OliviaWard@example.com,1993-08-09
433CA_LiamMoore,Liam,Moore,LiamMoore@example.com,1990-01-18
544TX_EmmaBrown,Emma,Brown,EmmaBrown@example.com,1997-06-27
655NY_OliverHall,Oliver,Hall,OliverHall@example.com,1994-11-06
766CA_SophiaWright,Sophia,Wright,SophiaWright@example.com,1991-04-15
877TX_LiamMiller,Liam,Miller,LiamMiller@example.com,1998-09-24
988NY_OliviaWilson,Olivia,Wilson,OliviaWilson@example.com,1995-02-03
109CA_EthanLee,Ethan,Lee,EthanLee@example.com,1992-07-13
211TX_SophiaTaylor,Sophia,Taylor,SophiaTaylor@example.com,1989-12-22
322NY_LiamClark,Liam,Clark,LiamClark@example.com,1996-05-01
433CA_EmmaJones,Emma,Jones,EmmaJones@example.com,1993-10-10
544TX_NoahBrown,Noah,Brown,NoahBrown@example.com,1990-03-20
211TX_LucasMartin,Lucas,Martin,LucasMartin@example.com,1994-09-28
322NY_AriaThompson,Aria,Thompson,AriaThompson@example.com,1991-02-07
433CA_LiamHall,Liam,Hall,LiamHall@example.com,1998-07-16
544TX_ScarlettAdams,Scarlett,Adams,ScarlettAdams@example.com,1995-10-25
655NY_EthanCarter,Ethan,Carter,EthanCarter@example.com,1992-03-06
766CA_AmeliaHoward,Amelia,Howard,AmeliaHoward@example.com,1989-06-15
877TX_OliverGreen,Oliver,Green,OliverGreen@example.com,1996-09-24
988NY_EllaCook,Ella,Cook,EllaCook@example.com,1993-12-03
109CA_HenryJames,Henry,James,HenryJames@example.com,1990-05-12
211TX_ScarlettYoung,Scarlett,Young,ScarlettYoung@example.com,1997-08-21
322NY_AidenMorris,Aiden,Morris,AidenMorris@example.com,1994-11-30
433CA_HarperBell,Harper,Bell,HarperBell@example.com,1991-04-10
544TX_WilliamHarris,William,Harris,WilliamHarris@example.com,1998-07-19
655NY_MiaCooper,Mia,Cooper,MiaCooper@example.com,1995-10-28
766CA_ElijahReed,Elijah,Reed,ElijahReed@example.com,1992-03-09
877TX_OliviaBrooks,Olivia,Brooks,OliviaBrooks@example.com,1989-06-18
988NY_BenjaminGray,Benjamin,Gray,BenjaminGray@example.com,1996-09-27
109CA_HarperBennett,Harper,Bennett,HarperBennett@example.com,1993-12-06
211TX_OliverRivera,Oliver,Rivera,OliverRivera@example.com,1990-05-15
322NY_ScarlettTurner,Scarlett,Turner,ScarlettTurner@example.com,1997-08-24
433CA_HenryBrown,Henry,Brown,HenryBrown@example.com,1994-11-03
544TX_MiaRoss,Mia,Ross,MiaRoss@example.com,1991-02-12
655NY_EllaSanders,Ella,Sanders,EllaSanders@example.com,1998-07-21
766CA_AidenParker,Aiden,Parker,AidenParker@example.com,1995-10-30
877TX_HarperCollins,Harper,Collins,HarperCollins@example.com,1992-03-11
988NY_LucasBaker,Lucas,Baker,LucasBaker@example.com,1989-06-20
109CA_OliviaReed,Olivia,Reed,OliviaReed@example.com,1996-09-29
211TX_HenryWoodward,Henry,Woodward,HenryWoodward@example.com,1993-12-09
322NY_AmeliaCooper,Amelia,Cooper,AmeliaCooper@example.com,1990-05-18
544TX_NoahHill,Noah,Hill,NoahHill@example.com,1997-08-27
655NY_SophiaBaker,Sophia,Baker,SophiaBaker@example.com,1994-11-05
766CA_LiamMorris,Liam,Morris,LiamMorris@example.com,1991-04-14
877TX_AvaCarter,Ava,Carter,AvaCarter@example.com,1998-07-23
988NY_OliverBell,Oliver,Bell,OliverBell@example.com,1995-10-02
109CA_EmmaHarris,Emma,Harris,EmmaHarris@example.com,1992-03-13
211TX_HenryTurner,Henry,Turner,HenryTurner@example.com,1989-06-22
322NY_AriaWard,Aria,Ward,AriaWard@example.com,1996-09-30
433CA_LucasWoodward,Lucas,Woodward,LucasWoodward@example.com,1993-12-09
544TX_ScarlettHarris,Scarlett,Harris,ScarlettHarris@example.com,1990-05-18
655NY_OliverClark,Oliver,Clark,OliverClark@example.com,1997-08-27
766CA_MiaBaker,Mia,Baker,MiaBaker@example.com,1994-11-05
877TX_LiamMorris,Liam,Morris,LiamMorris@example.com,1991-04-14
988NY_AvaCarter,Ava,Carter,AvaCarter@example.com,1998-07-23
109CA_OliverBell,Oliver,Bell,OliverBell@example.com,1995-10-02
211TX_EllaHarris,Ella,Harris,EllaHarris@example.com,1992-03-13
322NY_HenryTurner,Henry,Turner,HenryTurner@example.com,1989-06-22
433CA_AriaWard,Aria,Ward,AriaWard@example.com,1996-09-30
